City ID,City,Country,Lat,Long,Max Temp,Humidity,Cloudiness,Wind Speed,Current Description
0,Hermanus,ZA,-34.4187,19.2345,288.64,71,56,3.71,broken clouds
1,Castro,BR,-24.7911,-50.0119,287.77,95,18,2.68,few clouds
2,Busselton,AU,-33.65,115.3333,286.94,86,0,3.56,clear sky
3,Zhanaozen,KZ,43.3,52.8,284.01,52,70,0.61,broken clouds
4,Mataura,NZ,-46.1927,168.8643,286.19,74,5,1.01,clear sky
5,Winslow,US,35.0242,-110.6974,296.25,9,0,10.8,clear sky
6,Cayenne,GF,4.9333,-52.3333,300.98,1,75,5.66,broken clouds
7,Ondjiva,AO,-17.0667,15.7333,293.44,65,7,2.26,clear sky
8,Sao Filipe,CV,14.8961,-24.4956,295.11,75,1,4.16,clear sky
9,Mehran,IR,33.1222,46.1646,293.43,32,21,3.32,light rain
10,Dikson,RU,73.5069,80.5464,264.13,93,100,2.87,overcast clouds
11,Maku,IR,39.2911,44.4521,277.87,43,0,1.67,clear sky
12,Lompoc,US,34.6391,-120.4579,296.8,65,0,10.28,clear sky
13,Vaini,TO,-21.2,-175.2,302.24,84,40,4.12,scattered clouds
14,Yining,CN,29.0361,114.5636,286.68,86,100,1.83,overcast clouds
15,Barrow,US,71.2906,-156.7887,256.16,78,0,8.23,clear sky
16,Chuy,UY,-33.6971,-53.4616,286.47,64,1,4.8,clear sky
17,Manaure,CO,11.7751,-72.4445,304.02,54,15,10.79,few clouds
18,Mar Del Plata,AR,-38.0023,-57.5575,288.64,73,0,2.68,clear sky
19,Lima,PE,-12.0432,-77.0282,292.81,65,20,4.63,few clouds
20,Flin Flon,CA,54.7682,-101.865,266.06,35,100,8.23,overcast clouds
21,Ibra,OM,22.6906,58.5334,298.46,35,2,0.25,clear sky
22,Beira,MZ,-19.8436,34.8389,299.2,94,75,3.09,broken clouds
23,Rikitea,PF,-23.1203,-134.9692,298.61,69,27,7.76,light rain
24,Grand Gaube,MU,-20.0064,57.6608,298.92,73,19,3.58,few clouds
25,Port Alfred,ZA,-33.5906,26.891,291.03,93,99,2.68,overcast clouds
26,Gornopravdinsk,RU,60.05,69.9,275.81,100,99,1.52,overcast clouds
27,Karaman,TR,37.0833,33.25,277.8,44,15,2.39,few clouds
28,Payson,US,40.0444,-111.7321,286.86,25,40,3.58,scattered clouds
29,Saskylakh,RU,71.9167,114.0833,248.87,99,100,2.31,overcast clouds
30,Dunedin,NZ,-45.8742,170.5036,287.59,64,0,1.31,clear sky
31,Boa Vista,BR,2.8197,-60.6733,305.14,48,75,4.12,broken clouds
32,Marmora,IT,44.4583,7.094,282.65,76,66,1.66,broken clouds
33,Kapaa,US,22.0752,-159.319,301.14,76,40,6.69,scattered clouds
34,Ushuaia,AR,-54.8,-68.3,281.96,57,20,8.23,few clouds
35,Albany,US,42.6001,-73.9662,287.91,77,100,3.13,overcast clouds
36,Hobart,AU,-42.8794,147.3294,290.52,64,75,9.26,light rain
37,Soyo,AO,-6.1349,12.3689,298.97,90,100,2.04,overcast clouds
38,Kushiro,JP,42.975,144.3747,274.68,86,75,2.57,snow
39,Kolvereid,NO,64.8655,11.6047,275.31,77,20,1.86,few clouds
40,Duluth,US,46.7833,-92.1066,275.68,81,100,8.23,light snow
41,Tsiroanomandidy,MG,-18.7667,46.0333,292.2,85,25,1.55,scattered clouds
42,Marsabit,KE,2.3284,37.9899,293.31,75,95,4.35,light rain
43,Cabedelo,BR,-6.9811,-34.8339,300.52,75,45,4.98,scattered clouds
44,Faanui,PF,-16.4833,-151.75,301.17,71,24,8.57,few clouds
45,Tuktoyaktuk,CA,69.4541,-133.0374,254.15,78,20,4.12,few clouds
46,Vallenar,CL,-28.5708,-70.7581,293.95,41,0,2.94,clear sky
47,Ribeira Grande,PT,38.5167,-28.7,289.37,88,75,8.23,broken clouds
48,Jamestown,US,42.097,-79.2353,285.66,24,0,6.17,clear sky
49,Riyadh,SA,24.6877,46.7219,299.23,27,100,7.59,overcast clouds
50,Goure,NE,13.9835,10.2704,304.4,19,90,2.7,overcast clouds
51,Chubbuck,US,42.9208,-112.4661,280.09,66,75,8.23,broken clouds
52,Cape Town,ZA,-33.9258,18.4232,288.64,75,75,6.17,broken clouds
53,Uvat,RU,59.1433,68.8953,277.15,100,100,1.63,overcast clouds
54,Diamantino,BR,-14.4086,-56.4461,297.56,88,62,2.18,broken clouds
55,San Ignacio,BZ,17.1561,-89.0714,309.23,46,40,0.0,scattered clouds
56,Pisco,PE,-13.7,-76.2167,293.18,77,0,9.77,clear sky
57,Henties Bay,NA,-22.116,14.2845,289.23,83,0,3.01,clear sky
58,Bloomingdale,US,27.8936,-82.2404,302.91,73,75,2.24,broken clouds
59,Bako,ET,5.7833,36.5667,290.94,84,87,2.13,light rain
60,Airai,TL,-8.9266,125.4092,289.61,85,94,0.97,overcast clouds
61,Esperance,AU,-33.8667,121.9,289.67,64,99,2.04,overcast clouds
62,Gosainganj,IN,26.5833,82.3833,301.45,15,2,3.06,clear sky
63,Mayo,US,38.8876,-76.5119,294.38,59,0,5.66,clear sky
64,Husavik,IS,66.0449,-17.3389,277.62,87,100,4.53,overcast clouds
65,Nikolskoye,RU,59.7035,30.7861,276.37,99,100,1.15,overcast clouds
66,Awjilah,LY,29.1081,21.2869,296.14,18,70,9.4,broken clouds
67,Kenora,CA,49.8167,-94.4337,268.69,93,100,3.09,overcast clouds
68,Bredasdorp,ZA,-34.5322,20.0403,286.88,72,55,3.1,broken clouds
69,Aleksandrov Gay,RU,50.147,48.5704,279.56,86,98,10.29,light rain
70,Iida,JP,35.5197,137.8207,287.06,100,100,0.89,light rain
71,Butaritari,KI,3.0707,172.7902,300.51,75,81,5.72,broken clouds
72,San Cristobal,VE,7.7669,-72.225,298.25,53,100,1.85,overcast clouds
73,Cooma,AU,-36.2333,149.1333,283.02,100,24,2.57,few clouds
74,Longyearbyen,SJ,78.2186,15.6401,267.06,73,75,2.06,broken clouds
75,Priargunsk,RU,50.3691,119.1012,273.67,57,38,5.71,scattered clouds
76,Bluff,NZ,-46.6,168.3333,286.37,75,11,5.06,few clouds
77,Tamworth,GB,52.634,-1.6959,285.64,82,100,0.45,overcast clouds
78,Touros,BR,-5.1989,-35.4608,299.9,76,100,4.3,overcast clouds
79,Nanortalik,GL,60.1432,-45.2371,273.67,92,36,1.64,scattered clouds
80,Esil,KZ,51.9556,66.4042,284.12,56,2,4.66,clear sky
81,Leh,IN,34.1667,77.5833,274.15,52,81,1.81,broken clouds
82,Thompson,CA,55.7435,-97.8558,264.24,48,75,10.29,broken clouds
83,Kjollefjord,NO,70.9457,27.3465,273.18,68,99,7.97,overcast clouds
84,Tadine,NC,-21.55,167.8833,299.81,83,100,5.85,overcast clouds
85,Pevek,RU,69.7008,170.3133,262.39,83,67,1.11,broken clouds
86,Lavrentiya,RU,65.5833,-171.0,273.49,99,100,4.27,light snow
87,Te Anau,NZ,-45.4167,167.7167,284.77,72,8,0.36,clear sky
88,Arraial Do Cabo,BR,-22.9661,-42.0278,298.13,88,0,5.66,clear sky
89,Rawson,AR,-43.3002,-65.1023,296.12,23,7,8.25,clear sky
90,Taltal,CL,-25.4,-70.4833,289.62,79,42,0.52,scattered clouds
91,Acapulco,MX,16.8634,-99.8901,302.05,70,75,5.66,smoke
92,Chokurdakh,RU,70.6333,147.9167,258.92,93,100,3.31,overcast clouds
93,Sokone,SN,13.8833,-16.3667,303.09,41,11,4.22,few clouds
94,Kaitangata,NZ,-46.2817,169.8464,286.04,70,12,2.09,few clouds
95,Paita,PE,-5.0892,-81.1144,295.97,72,38,8.76,scattered clouds
96,Punta Arenas,CL,-53.15,-70.9167,283.21,66,75,4.12,broken clouds
97,Provideniya,RU,64.3833,-173.3,274.21,86,100,6.0,light snow
98,Simoes,BR,-7.5989,-40.8178,300.49,55,78,2.51,broken clouds
99,Nanyamba,TZ,-10.6833,39.8333,295.29,98,100,1.37,overcast clouds
100,Carnarvon,AU,-24.8667,113.6333,292.19,72,0,2.57,clear sky
101,Dubbo,AU,-32.25,148.6167,288.22,88,2,3.6,clear sky
102,Qaanaaq,GL,77.484,-69.3632,253.85,90,98,1.78,overcast clouds
103,Trogir,HR,43.5125,16.2517,284.18,76,0,1.03,clear sky
104,Anloga,GH,5.7947,0.8973,300.96,78,96,5.55,overcast clouds
105,Peceneaga,RO,45.0167,28.1333,279.41,61,8,0.62,clear sky
106,Carutapera,BR,-1.195,-46.02,298.22,89,99,2.4,overcast clouds
107,Altay,CN,47.8667,88.1167,270.7,37,0,4.87,clear sky
108,Merrill,US,45.1805,-89.6835,274.12,84,100,7.2,overcast clouds
109,Mairwa,IN,26.2333,84.15,302.22,14,10,3.27,clear sky
110,Lebu,CL,-37.6167,-73.65,285.97,78,1,3.09,clear sky
111,Faya,SA,18.3851,42.4509,290.21,35,50,0.67,scattered clouds
112,Mayumba,GA,-3.432,10.6554,298.56,89,96,1.13,light rain
113,Palmer,US,42.1584,-72.3287,295.33,82,100,3.09,overcast clouds
114,Bubaque,GW,11.2833,-15.8333,296.68,76,52,8.67,broken clouds
115,Byron Bay,AU,-28.65,153.6167,291.88,80,52,5.26,broken clouds
116,Babu,CN,24.4167,111.5167,290.38,92,17,1.01,few clouds
117,Iqaluit,CA,63.7506,-68.5145,255.2,70,0,8.75,clear sky
118,Mehamn,NO,71.0357,27.8492,273.75,69,97,8.2,overcast clouds
119,Upernavik,GL,72.7868,-56.1549,249.85,97,41,3.99,scattered clouds
120,Santa Isabel Do Rio Negro,BR,-0.4139,-65.0192,295.82,99,100,0.67,light rain
121,Batagay-Alyta,RU,67.8006,130.4114,258.9,94,99,1.87,overcast clouds
122,Alofi,NU,-19.0595,-169.9187,303.09,70,40,4.12,scattered clouds
123,Saint-Philippe,RE,-21.3585,55.7679,298.92,88,60,6.97,light rain
124,Changping,CN,40.2186,116.2197,278.95,30,0,2.77,clear sky
125,New Norfolk,AU,-42.7826,147.0587,290.33,58,100,1.34,overcast clouds
126,Kieta,PG,-6.2167,155.6333,300.68,77,99,0.57,overcast clouds
127,Jurm,AF,36.8648,70.8342,286.95,66,73,0.38,broken clouds
128,Laguna De Perlas,NI,12.3429,-83.6712,302.2,74,25,5.4,scattered clouds
129,Verkhoyansk,RU,67.5447,133.385,258.45,97,95,0.66,overcast clouds
130,Port Elizabeth,ZA,-33.918,25.5701,290.98,95,40,7.2,scattered clouds
131,Gejiu,CN,23.306,103.1635,285.37,90,32,1.77,scattered clouds
132,Srednekolymsk,RU,67.45,153.6833,261.76,92,100,3.21,light snow
133,Ola,RU,59.5833,151.2833,267.63,66,100,1.69,overcast clouds
134,Hilo,US,19.7297,-155.09,301.08,77,75,3.09,light rain
135,Papara,BR,-3.9839,-38.7273,300.37,95,63,1.53,broken clouds
136,Areosa,PT,41.7178,-8.8571,285.59,88,9,4.64,clear sky
137,Caravelas,BR,-17.7125,-39.2481,299.88,83,6,4.2,clear sky
138,Leningradskiy,RU,69.3833,178.4167,261.16,92,98,5.33,overcast clouds
139,Vanimo,PG,-2.6741,141.3028,299.36,89,79,2.25,broken clouds
140,Sandeid,NO,59.5449,5.8636,281.75,93,79,1.51,broken clouds
141,Chimbote,PE,-9.0853,-78.5783,293.81,78,71,4.92,broken clouds
142,Acajutla,SV,13.5928,-89.8275,303.68,59,28,3.86,scattered clouds
143,Iracoubo,GF,5.4802,-53.2011,298.35,87,73,6.61,light rain
144,Walvis Bay,NA,-22.9575,14.5053,287.64,88,0,1.54,clear sky
145,Sosnogorsk,RU,63.6023,53.8817,269.32,91,53,1.56,broken clouds
146,Kavieng,PG,-2.5744,150.7967,301.56,76,67,5.25,light rain
147,Kuytun,RU,54.3419,101.5036,272.71,75,88,2.65,overcast clouds
148,Tual,ID,-5.6667,132.75,301.65,75,100,1.72,overcast clouds
149,Yar-Sale,RU,66.8333,70.8333,274.23,99,100,6.55,overcast clouds
150,Komsomolskiy,UZ,40.4272,71.7189,288.55,55,0,3.09,clear sky
151,Boende,CD,-0.2167,20.8667,293.81,100,99,1.08,overcast clouds
152,Svetlyy,RU,54.675,20.1347,281.18,97,100,2.65,overcast clouds
153,Fairbanks,US,64.8378,-147.7164,281.13,45,0,3.09,clear sky
154,Birao,CF,10.2849,22.7882,303.02,12,51,1.68,broken clouds
155,East London,ZA,-33.0153,27.9116,293.64,80,100,4.12,overcast clouds
156,Cherskiy,RU,68.75,161.3,265.1,90,100,0.8,light snow
157,Tiarei,PF,-17.5333,-149.3333,304.16,74,38,8.46,light rain
158,San Quintin,MX,30.4833,-115.95,291.59,56,4,9.02,clear sky
159,Khatanga,RU,71.9667,102.5,242.9,100,40,1.28,scattered clouds
160,Bonthe,SL,7.5264,-12.505,299.22,83,94,3.03,overcast clouds
161,Yellowknife,CA,62.456,-114.3525,268.87,56,75,4.12,broken clouds
162,Souillac,MU,-20.5167,57.5167,298.36,78,40,5.14,scattered clouds
163,Talnakh,RU,69.4865,88.3972,268.32,88,100,5.14,overcast clouds
164,Bethel,US,41.3712,-73.414,294.21,80,100,1.54,overcast clouds
165,Margate,GB,51.3813,1.3862,285.76,79,100,0.45,overcast clouds
166,Poum,NC,-20.2333,164.0167,298.26,82,91,0.92,overcast clouds
167,Mtwara,TZ,-10.2667,40.1833,298.11,91,100,3.19,light rain
168,Comodoro Rivadavia,AR,-45.8667,-67.5,293.07,52,0,2.57,clear sky
169,Lorengau,PG,-2.0226,147.2712,301.32,78,41,3.39,scattered clouds
170,Amsterdam,NL,52.374,4.8897,283.65,85,0,1.79,clear sky
171,Constitucion,CL,-35.3333,-72.4167,286.9,78,1,2.31,clear sky
172,Turka,UA,49.1541,23.0297,276.93,81,73,2.53,broken clouds
173,Zakharovo,RU,54.366,39.2792,275.57,82,1,3.48,clear sky
174,Tucumcari,US,35.1717,-103.725,296.06,5,0,10.29,clear sky
175,Lagoa,PT,39.05,-27.9833,289.1,73,3,8.88,clear sky
176,Ilulissat,GL,69.2167,-51.1,262.16,62,20,5.14,few clouds
177,North Bend,US,43.4065,-124.2243,284.4,85,71,0.45,broken clouds
178,Rawah,IQ,34.4816,41.9093,288.7,21,0,4.42,clear sky
179,Klaksvik,FO,62.2266,-6.589,280.66,91,100,13.56,light rain
180,Yatou,CN,37.15,122.3833,280.17,72,20,4.41,few clouds
181,Tasiilaq,GL,65.6145,-37.6368,272.24,98,100,1.98,snow
182,Vrangel,RU,42.7297,133.0839,277.03,62,58,1.82,broken clouds
183,Montepuez,MZ,-13.1256,38.9997,293.12,99,29,1.33,scattered clouds
184,Vardo,NO,70.3705,31.1107,273.19,87,47,4.63,scattered clouds
185,Kodiak,US,57.79,-152.4072,280.88,53,40,7.72,scattered clouds
186,Namibe,AO,-15.1961,12.1522,297.4,78,78,3.01,broken clouds
187,Broome,US,42.2506,-75.833,285.68,71,100,4.12,overcast clouds
188,Mercedes,AR,-34.6515,-59.4307,290.25,47,0,2.72,clear sky
189,Cabo San Lucas,MX,22.8909,-109.9124,302.38,50,75,3.6,broken clouds
190,Mount Isa,AU,-20.7333,139.5,297.02,43,35,0.0,scattered clouds
191,Bitung,ID,1.4451,125.1824,298.62,83,80,1.42,broken clouds
192,Moreira Sales,BR,-24.0622,-53.0069,290.84,80,0,4.17,clear sky
193,Show Low,US,34.2542,-110.0298,291.53,12,0,9.26,clear sky
194,Esmeralda,CU,21.8525,-78.1169,301.46,59,49,6.0,scattered clouds
195,Otane,NZ,-39.8833,176.6333,286.49,65,2,0.58,clear sky
196,Algiers,DZ,36.7525,3.042,288.05,88,75,4.12,light rain
197,Severo-Kurilsk,RU,50.6789,156.125,272.05,75,85,9.88,overcast clouds
198,Salalah,OM,17.0151,54.0924,299.2,89,20,1.03,few clouds
199,General Roca,AR,-39.0333,-67.5833,292.94,28,0,5.73,clear sky
200,Puerto Berrio,CO,6.4916,-74.4033,302.58,75,97,0.71,overcast clouds
201,Hithadhoo,MV,-0.6,73.0833,301.59,72,97,3.37,overcast clouds
202,Linping,CN,30.4225,120.2972,287.55,88,100,4.57,overcast clouds
203,Trairi,BR,-3.2778,-39.2689,298.71,85,64,2.84,broken clouds
204,Port Hedland,AU,-20.3167,118.5667,303.18,28,32,6.17,scattered clouds
205,Honningsvag,NO,70.9821,25.9704,273.01,74,75,4.63,broken clouds
206,Sabha,LY,27.0377,14.4283,305.54,10,89,6.34,overcast clouds
207,Shingu,JP,33.7333,135.9833,289.95,97,100,3.79,overcast clouds
208,Sainte-Suzanne,RE,-20.9061,55.6089,299.27,95,75,7.2,light rain
209,Cidreira,BR,-30.1811,-50.2056,290.11,61,15,5.4,few clouds
210,Emborion,GR,40.4833,21.55,281.35,89,2,0.91,clear sky
211,Mezen,RU,65.8522,44.24,267.44,96,12,1.89,few clouds
212,Damietta,EG,31.4165,31.8133,289.46,57,0,6.08,clear sky
213,San Miguel,SV,13.4833,-88.1833,305.96,66,40,1.54,scattered clouds
214,Panguipulli,CL,-39.6333,-72.3333,289.11,64,0,0.64,clear sky
215,Katsuura,JP,35.1333,140.3,284.16,94,100,7.91,light rain
216,Ancud,CL,-41.8697,-73.8203,285.61,85,0,1.24,clear sky
217,Alice Town,BS,25.7167,-79.3,298.72,77,1,5.28,clear sky
218,Puerto Ayora,EC,-0.7393,-90.3518,300.13,81,96,4.1,light rain
219,Bathsheba,BB,13.2167,-59.5167,298.49,94,75,7.72,broken clouds
220,Hovd,MN,48.0056,91.6419,270.34,37,100,0.68,light snow
221,Juneau,US,58.3019,-134.4197,281.15,23,20,6.69,few clouds
222,Olafsvik,IS,64.8945,-23.7142,280.25,94,100,9.34,moderate rain
223,Coahuayana,MX,18.7333,-103.6833,303.83,42,100,3.18,overcast clouds
224,Bud,US,39.447,-86.1758,288.35,40,2,8.02,clear sky
225,Parainen,FI,60.3067,22.301,275.45,94,100,4.08,overcast clouds
226,Road Town,VG,18.4167,-64.6167,299.2,73,40,6.17,scattered clouds
227,Moose Factory,CA,51.2585,-80.6094,278.15,87,100,5.14,overcast clouds
228,Jurado,CO,7.1053,-77.7641,300.64,82,100,2.05,overcast clouds
229,Tromso,NO,69.6496,18.957,273.36,100,100,2.57,overcast clouds
230,Sulphur,US,30.2366,-93.3774,302.14,30,0,6.17,clear sky
231,Storforshei,NO,66.4043,14.5233,270.03,80,32,1.54,scattered clouds
232,Whitehorse,CA,60.7161,-135.0538,277.65,17,20,2.57,few clouds
233,San Policarpo,PH,12.1791,125.5072,297.68,90,90,2.28,overcast clouds
234,Port-Gentil,GA,-0.7193,8.7815,300.52,80,46,1.8,scattered clouds
235,Adrar,MR,20.5022,-10.0711,297.35,21,0,4.86,clear sky
236,Shestakovo,RU,56.4915,103.96,273.29,85,100,3.4,overcast clouds
237,Vila Velha,BR,-20.3297,-40.2925,299.12,90,40,3.09,scattered clouds
238,Weligama,LK,5.9667,80.4167,299.29,86,81,1.43,broken clouds
239,Kasane,BW,-17.8167,25.15,294.75,66,100,1.62,overcast clouds
240,Sinnamary,GF,5.3833,-52.95,298.49,87,76,6.63,moderate rain
241,Etchoropo,MX,26.7667,-109.6667,306.16,29,80,7.54,broken clouds
242,Zhigansk,RU,66.7697,123.3711,268.95,85,100,3.47,overcast clouds
243,Klyuchi,RU,52.2667,79.1667,279.03,51,2,2.4,clear sky
244,Praia Da Vitoria,PT,38.7333,-27.0667,289.68,88,75,9.18,broken clouds
245,Kerema,PG,-7.9631,145.7785,300.61,70,11,0.67,few clouds
246,Saint-Francois,FR,46.4154,3.9054,285.05,87,0,0.51,clear sky
247,Ponta Delgada,PT,37.7333,-25.6667,290.55,88,75,4.63,broken clouds
248,Huarmey,PE,-10.0681,-78.1522,294.92,75,22,5.65,few clouds
249,Shibetsu,JP,43.659,145.132,274.14,92,100,2.15,light snow
250,Ugoofaaru,MV,5.6667,73.0,302.06,75,100,4.15,overcast clouds
251,Ponta Do Sol,PT,32.6667,-17.1,291.88,82,38,1.57,scattered clouds
252,Pascagoula,US,30.3658,-88.5561,299.18,71,20,2.06,few clouds
253,Saint Anthony,US,45.0205,-93.218,274.94,71,100,10.29,overcast clouds
254,Dovolnoye,RU,54.4958,79.6671,277.74,75,61,1.42,broken clouds
255,Pozo Colorado,PY,-23.4923,-58.7972,293.08,44,0,4.25,clear sky
256,Atuona,PF,-9.8,-139.0333,298.8,79,54,6.19,light rain
257,Abilene,US,32.4487,-99.7331,301.42,16,0,9.26,clear sky
258,Chengde,CN,40.9725,117.9361,276.51,41,0,1.85,clear sky
259,Chinsali,ZM,-10.5414,32.0816,290.67,98,99,1.98,light rain
260,Pilar,BR,-9.5972,-35.9567,299.11,77,23,4.32,few clouds
261,Nyurba,RU,63.2842,118.3319,264.97,92,93,3.21,overcast clouds
262,Cao Bang,VN,22.6667,106.25,294.13,88,75,1.33,broken clouds
263,Tuatapere,NZ,-46.1333,167.6833,286.27,68,1,1.96,clear sky
264,Majene,ID,-3.5403,118.9707,298.0,89,100,2.25,overcast clouds
265,Nizhniy Odes,RU,63.6445,54.856,269.07,92,78,1.63,broken clouds
266,Roma,US,43.2128,-75.4557,284.66,89,100,3.58,overcast clouds
267,Padang,ID,-0.9492,100.3543,298.54,87,99,1.07,overcast clouds
268,Tucurui,BR,-3.7661,-49.6725,297.68,92,100,1.49,overcast clouds
269,Marsh Harbour,BS,26.5412,-77.0636,298.14,75,37,5.85,scattered clouds
270,Tatawin,TN,32.9297,10.4518,291.47,63,100,3.41,overcast clouds
271,Charters Towers,AU,-20.1,146.2667,294.69,74,38,5.38,scattered clouds
272,Port Hardy,CA,50.6996,-127.4199,283.25,50,75,1.54,broken clouds
273,Guerrero Negro,MX,27.9769,-114.0611,293.99,49,60,7.61,broken clouds
274,Manokwari,ID,-0.8667,134.0833,298.58,81,95,1.42,overcast clouds
275,Zlitan,LY,32.4674,14.5687,291.95,68,100,12.26,overcast clouds
276,Nova Olinda Do Norte,BR,-3.8881,-59.0942,298.01,97,100,0.85,heavy intensity rain
277,Soe,ID,-9.8607,124.284,292.56,92,87,1.54,overcast clouds
278,Bouna,CI,9.2667,-3.0,303.15,49,78,2.69,broken clouds
279,Coruripe,BR,-10.1256,-36.1756,300.19,77,46,6.92,scattered clouds
280,Puerto Baquerizo Moreno,EC,-0.9,-89.6,299.7,78,40,6.17,scattered clouds
281,Hervey Bay,AU,-25.2986,152.8535,293.16,83,73,4.47,broken clouds
282,Leshukonskoye,RU,64.8989,45.7622,262.59,97,17,1.2,few clouds
283,Codrington,AU,-38.2667,141.9667,289.54,49,100,2.95,light rain
284,Spruce Grove,CA,53.5334,-113.9187,271.9,50,20,3.6,few clouds
285,Nemuro,JP,43.3236,145.575,274.13,91,100,3.0,light snow
286,Shelburne,CA,44.0787,-80.2041,283.84,46,46,8.42,scattered clouds
287,Kelvington,CA,52.1667,-103.5343,263.53,92,100,8.76,light snow
288,Tiznit,MA,29.5833,-9.5,293.52,47,0,0.82,clear sky
289,Monrovia,LR,6.3005,-10.7969,299.96,87,94,4.2,light rain
290,Muros,ES,42.7762,-9.0603,285.28,87,11,2.94,few clouds
291,Zuenoula,CI,7.4292,-6.0431,298.14,83,90,2.63,overcast clouds
292,Firminy,FR,45.3873,4.2907,281.43,87,0,1.03,clear sky
293,Dera Gopipur,IN,31.9,76.2167,295.73,27,76,2.73,broken clouds
294,Coquimbo,CL,-29.9533,-71.3436,287.0,82,100,2.57,overcast clouds
295,Sorong,ID,-0.8833,131.25,299.39,84,100,2.83,overcast clouds
296,Dongsheng,CN,39.8161,109.9776,274.14,40,2,6.31,clear sky
297,Gushikawa,JP,26.3544,127.8686,296.15,92,100,3.09,overcast clouds
298,Mahebourg,MU,-20.4081,57.7,298.85,78,40,5.14,scattered clouds
299,Pochutla,MX,15.7432,-96.4661,305.83,49,10,3.85,clear sky
300,Saint Joseph,US,39.7686,-94.8466,287.37,23,0,9.39,clear sky
301,Tubigan,PH,8.5322,124.3122,295.31,82,70,1.94,broken clouds
302,Bayanday,RU,53.0661,105.5139,271.17,76,94,2.48,overcast clouds
303,Rize,TR,40.9044,40.8949,271.04,81,100,0.07,light snow
304,Moranbah,AU,-22.0016,148.0466,293.46,68,0,7.61,clear sky
305,Salisbury,GB,51.0693,-1.7957,284.52,88,75,2.57,broken clouds
306,Victoria,HK,22.2855,114.1577,297.69,71,15,8.05,few clouds
307,Haimen,CN,23.1935,116.6142,294.09,77,100,10.31,overcast clouds
308,Long Xuyen,VN,10.3833,105.4167,298.12,88,31,2.53,scattered clouds
309,Saint George,US,37.1041,-113.5841,295.51,10,0,0.89,clear sky
310,Ariquemes,BR,-9.9133,-63.0408,297.54,96,96,1.43,moderate rain
311,Yerbogachen,RU,61.2767,108.0108,268.41,87,19,4.85,few clouds
312,Ambilobe,MG,-13.2,49.05,296.59,89,38,1.38,scattered clouds
313,Sisimiut,GL,66.9395,-53.6735,262.19,79,72,6.23,broken clouds
314,Gamba,GA,-2.65,10.0,297.44,92,100,1.93,light rain
315,Tiksi,RU,71.6872,128.8694,254.64,99,100,3.82,overcast clouds
316,Westport,US,41.1415,-73.3579,294.67,83,97,5.4,light rain
317,Mehtar Lam,AF,34.6714,70.2094,293.9,27,1,3.23,clear sky
318,Hasaki,JP,35.7333,140.8333,284.37,90,100,8.9,moderate rain
319,Avarua,CK,-21.2078,-159.775,301.18,74,88,2.06,overcast clouds
320,Victor Harbor,AU,-35.5667,138.6167,292.42,84,100,1.5,overcast clouds
321,Korla,CN,41.7597,86.1469,286.51,23,63,3.85,broken clouds
322,Kropotkin,RU,45.4375,40.5756,279.05,90,100,4.06,overcast clouds
323,Shenjiamen,CN,29.9576,122.298,286.3,91,100,8.42,overcast clouds
324,Aklavik,CA,68.2191,-135.0107,259.15,61,75,3.6,broken clouds
325,Marquette,US,46.5333,-87.6335,274.72,60,100,6.8,light snow
326,Necochea,AR,-38.5473,-58.7368,285.79,66,0,3.53,clear sky
327,Kaihua,CN,23.3687,104.28,290.65,90,96,3.6,overcast clouds
328,Ilheus,BR,-14.7889,-39.0494,302.05,79,0,5.66,clear sky
329,Erenhot,CN,43.6475,111.9767,274.13,28,0,1.63,clear sky
330,Batsfjord,NO,70.6345,29.7185,273.03,100,75,15.43,light snow
331,Vao,NC,-22.6667,167.4833,298.09,82,58,5.9,broken clouds
332,Itapuranga,BR,-15.5622,-49.9486,298.62,68,89,1.74,overcast clouds
333,Sarangani,PH,5.4033,125.4636,300.67,75,64,4.86,broken clouds
334,Kenai,US,60.5544,-151.2583,282.05,49,0,2.57,clear sky
335,Kasempa,ZM,-13.4584,25.8338,293.54,77,97,2.09,overcast clouds
336,Vila Franca Do Campo,PT,37.7167,-25.4333,290.38,92,100,3.98,overcast clouds
337,Cochrane,CA,51.1834,-114.4687,269.3,58,100,5.14,overcast clouds
338,Seoul,KR,37.5683,126.9778,280.84,76,0,2.06,clear sky
339,Alta Floresta,BR,-9.8756,-56.0861,297.13,91,93,1.08,overcast clouds
340,Luganville,VU,-15.5333,167.1667,302.49,69,20,3.04,few clouds
341,Hamilton,US,39.1834,-84.5333,290.23,27,0,9.77,clear sky
342,Aulnoye-Aymeries,FR,50.2014,3.8384,285.83,90,100,2.06,overcast clouds
343,Half Moon Bay,US,37.4636,-122.4286,290.39,82,100,7.72,mist
344,Berlevag,NO,70.8578,29.0864,273.04,80,93,12.59,light snow
345,Richards Bay,ZA,-28.783,32.0377,293.75,88,39,1.47,scattered clouds
346,Golden,US,39.7555,-105.2211,288.64,19,75,10.8,broken clouds
347,Ouesso,CG,1.6136,16.0517,293.59,99,99,0.89,overcast clouds
348,Khvastovichi,RU,53.4694,35.0941,276.13,82,64,1.54,broken clouds
349,Torbay,CA,47.6666,-52.7314,273.86,79,20,6.17,few clouds
350,Narbonne,FR,43.0833,2.8333,290.69,44,70,3.24,broken clouds
351,Broken Hill,AU,-31.95,141.4333,289.99,72,100,2.57,light rain
352,Hami,CN,42.8,93.45,284.12,21,89,2.43,overcast clouds
353,Kibre Mengist,ET,5.8833,38.9833,288.29,97,93,0.91,light rain
354,Camacha,PT,33.0833,-16.3333,287.83,77,75,3.6,broken clouds
355,Kodinsk,RU,58.6881,99.1844,272.7,96,100,1.36,overcast clouds
356,Krasyliv,UA,49.6519,26.9725,281.14,64,85,2.93,overcast clouds
357,Luderitz,NA,-26.6481,15.1594,288.91,80,20,9.42,few clouds
358,Georgetown,MY,5.4112,100.3354,299.11,99,20,2.06,thunderstorm with light rain
359,Hobyo,SO,5.3505,48.5268,300.92,75,64,5.71,broken clouds
360,Carroll,US,39.5501,-77.0164,290.77,70,100,5.2,overcast clouds
361,Figeac,FR,44.75,1.9167,287.36,90,25,1.15,scattered clouds
362,Ozernovskiy,RU,51.5,156.5167,272.04,68,100,10.07,light snow
363,Chapais,CA,49.7834,-74.8492,276.03,93,100,6.53,overcast clouds
364,Clyde River,CA,70.4692,-68.5914,257.28,78,75,1.54,broken clouds
365,Surt,LY,31.2089,16.5887,295.05,44,91,14.37,overcast clouds
366,Lagunas,PE,-5.2269,-75.6753,301.22,79,99,1.02,overcast clouds
367,Punta Alta,AR,-38.8759,-62.0736,290.05,55,0,2.26,clear sky
368,Takoradi,GH,4.8845,-1.7554,300.49,83,91,5.15,light rain
369,Assiniboia,CA,49.6334,-105.9845,266.05,79,100,10.29,light snow
370,Ukiah,US,39.1502,-123.2078,286.77,92,100,2.57,light rain
371,Gbarnga,LR,6.9956,-9.4722,296.91,93,94,1.08,moderate rain
372,Vestmannaeyjar,IS,63.4427,-20.2734,281.76,97,100,12.21,moderate rain
373,Tilichiki,RU,60.4667,166.1,267.45,88,99,2.39,overcast clouds
374,Morondava,MG,-20.2833,44.2833,298.75,74,94,2.23,overcast clouds
375,Garowe,SO,8.4054,48.4845,297.19,81,5,4.63,clear sky
376,Meulaboh,ID,4.1363,96.1285,297.96,89,98,1.66,overcast clouds
377,El Cobre,CU,20.0489,-75.9469,299.84,78,40,3.09,scattered clouds
378,Asau,RO,46.4333,26.4,280.9,68,3,1.82,light rain
379,Durango,MX,24.8333,-104.8333,302.66,4,51,6.47,broken clouds
380,Embonas,GR,36.2269,27.8564,286.95,57,30,2.02,scattered clouds
381,Havoysund,NO,70.9963,24.6622,273.28,67,69,3.68,light snow
382,Taga,RO,46.95,24.05,278.33,70,4,0.65,clear sky
383,Norman Wells,CA,65.282,-126.8329,265.17,45,20,6.69,few clouds
384,Padilla,CO,3.2204,-76.3139,301.91,89,93,0.58,overcast clouds
385,Trail,CA,49.0998,-117.7022,279.14,30,100,2.24,overcast clouds
386,Naryan-Mar,RU,67.6713,53.087,270.21,90,100,8.44,overcast clouds
387,Raahe,FI,64.6833,24.4833,273.2,93,43,3.56,scattered clouds
388,Kavaratti,IN,10.5669,72.642,301.09,75,26,3.15,scattered clouds
389,Saldanha,ZA,-33.0117,17.9442,284.18,67,5,8.28,clear sky
390,Praya,CV,14.9215,-23.5087,294.45,73,20,5.66,few clouds
391,Sandwick,GB,60.0,-1.25,279.05,87,40,3.6,scattered clouds
392,Mujiayingzi,CN,42.1167,118.7833,276.52,27,2,4.12,clear sky
393,Fort Saint James,CA,54.4333,-124.25,273.01,40,100,4.18,overcast clouds
394,Porto Novo,BJ,6.4965,2.6036,301.05,79,96,3.9,overcast clouds
395,Cockburn Town,TC,21.4612,-71.1419,299.13,69,40,9.26,scattered clouds
396,Huilong,CN,31.8111,121.655,284.78,84,100,8.23,overcast clouds
397,Marawi,PH,7.9986,124.2928,294.81,88,86,1.12,overcast clouds
398,Suntar,RU,62.1444,117.6319,268.97,88,100,4.29,light snow
399,Grenfell,AU,-33.9,148.1667,290.0,61,87,0.72,overcast clouds
400,Kahului,US,20.8947,-156.47,302.16,62,20,10.8,few clouds
401,Port Angeles,US,48.1181,-123.4307,283.89,62,0,2.24,clear sky
402,College,US,64.8569,-147.8028,281.12,44,0,3.09,clear sky
403,Pavlivka,UA,49.4414,28.4596,280.47,63,32,1.17,scattered clouds
404,Ostrovnoy,RU,68.0531,39.5131,263.35,96,92,3.04,overcast clouds
405,San Jorge,AR,-31.8962,-61.8598,291.48,47,0,3.18,clear sky
406,Moses Lake,US,47.1301,-119.2781,277.53,80,100,1.54,mist
407,Petropavlovsk-Kamchatskiy,RU,53.0452,158.6483,273.48,40,75,10.0,broken clouds
408,Kutum,SD,14.2,24.6667,295.27,7,77,3.95,broken clouds
409,Port Shepstone,ZA,-30.7414,30.455,294.35,87,30,3.04,scattered clouds
410,Solnechnyy,RU,50.7214,136.6319,273.26,62,47,2.35,scattered clouds
411,Bodden Town,KY,19.2833,-81.25,303.15,66,20,4.12,few clouds
412,Russell,US,32.3502,-85.1999,299.8,49,0,2.06,clear sky
413,Hammerfest,NO,70.6634,23.6821,272.4,80,100,1.03,snow
414,Dudinka,RU,69.4058,86.1778,270.98,83,100,7.29,overcast clouds
415,Talaya,RU,61.3833,152.75,262.6,87,100,3.17,light snow
416,Port Hawkesbury,CA,45.6169,-61.3485,281.12,78,0,3.6,clear sky
417,Coihaique,CL,-45.5752,-72.0662,291.49,51,0,2.57,clear sky
418,Namatanai,PG,-3.6667,152.4333,301.98,71,83,3.19,broken clouds
419,Santo Antonio Do Sudoeste,BR,-26.0736,-53.7253,286.32,88,0,1.94,clear sky
420,Ballina,AU,-28.8667,153.5667,293.13,88,75,5.14,light rain
421,Chase,CA,50.8165,-119.6857,283.64,34,86,2.55,overcast clouds
422,Charcas,MX,23.1333,-101.1167,300.51,20,100,4.7,overcast clouds
423,Ladario,BR,-19.0047,-57.6017,297.2,65,15,1.5,few clouds
424,Jardim,BR,-21.4803,-56.1381,294.3,55,3,3.31,clear sky
425,Bambous Virieux,MU,-20.3428,57.7575,298.83,78,40,5.14,scattered clouds
426,Tautira,PF,-17.7333,-149.15,300.85,73,65,8.63,broken clouds
427,Oranjemund,NA,-28.55,16.4333,287.51,88,84,6.75,broken clouds
428,Bafq,IR,31.6128,55.4107,299.28,21,99,4.9,overcast clouds
429,Hualmay,PE,-11.0964,-77.6139,293.2,82,31,6.08,scattered clouds
430,Kijang,KR,35.2442,129.2139,284.0,62,97,8.72,overcast clouds
431,Kruisfontein,ZA,-34.0033,24.7314,289.75,87,100,6.47,light rain
432,Christchurch,NZ,-43.5333,172.6333,288.94,83,75,1.54,broken clouds
433,Sabang,ID,5.8933,95.3214,301.43,73,93,2.32,overcast clouds
434,Portland,US,45.5234,-122.6762,284.05,70,75,6.69,broken clouds
435,Concordia,AR,-31.393,-58.0209,290.25,54,0,1.34,clear sky
436,Sawai Madhopur,IN,25.9833,76.3667,301.82,16,98,2.19,overcast clouds
437,Ostuacan,MX,17.4167,-93.3,303.59,63,68,1.98,broken clouds
438,Southampton,GB,50.904,-1.4043,284.68,80,100,1.23,overcast clouds
439,Inhambane,MZ,-23.865,35.3833,298.46,86,99,4.04,overcast clouds
440,Makakilo City,US,21.3469,-158.0858,300.33,51,20,9.77,few clouds
441,Kualakapuas,ID,-3.0091,114.3876,296.98,94,63,0.69,broken clouds
442,Iringa,TZ,-7.7667,35.7,288.18,91,100,1.39,overcast clouds
443,Nongpoh,IN,25.9,91.8833,293.98,81,37,0.78,scattered clouds
444,Bardiyah,LY,31.7561,25.0865,288.68,73,100,7.12,overcast clouds
445,Anjozorobe,MG,-18.4,47.8667,290.03,91,97,3.65,overcast clouds
446,Traian,RO,46.6333,27.0333,282.78,65,0,0.0,light rain
447,Rio Cuarto,AR,-33.1307,-64.3499,292.02,39,0,4.63,clear sky
448,La Seyne-Sur-Mer,FR,43.0982,5.8847,289.75,62,100,0.45,overcast clouds
449,Ternate,ID,0.8,127.4,300.82,77,70,1.59,broken clouds
450,Trelew,AR,-43.249,-65.3051,295.3,19,6,6.98,clear sky
451,Shenkursk,RU,62.1091,42.896,270.9,95,100,0.92,overcast clouds
452,Thinadhoo,MV,0.5333,72.9333,301.55,67,100,2.33,overcast clouds
453,San Patricio,US,28.017,-97.5169,302.13,59,98,8.21,overcast clouds
454,Pacific Grove,US,36.6177,-121.9166,290.6,67,100,4.63,overcast clouds
455,Yumen,CN,40.2833,97.2,276.94,19,51,2.51,broken clouds
456,Zyryanovsk,KZ,49.7386,84.2719,273.99,91,85,0.61,overcast clouds
457,Jistebnice,CZ,49.4855,14.5276,285.6,96,100,3.17,overcast clouds
458,Kumluca,TR,36.3703,30.2869,287.82,56,40,2.44,scattered clouds
459,Werda,BW,-25.2667,23.2833,292.69,40,0,4.39,clear sky
460,Puerto Rico,AR,-26.796,-55.024,287.06,79,0,1.41,clear sky
461,Camocim,BR,-2.9022,-40.8411,298.93,86,81,3.29,broken clouds
462,Maymyo,MM,22.0333,96.4667,294.39,63,98,0.91,overcast clouds
463,Beringovskiy,RU,63.05,179.3167,272.96,99,100,6.18,snow
464,Matara,LK,5.9485,80.5353,298.68,89,90,1.62,overcast clouds
465,Mislinja,SI,46.4411,15.1956,283.58,79,51,1.31,broken clouds
466,Bengkulu,ID,-3.8004,102.2655,297.91,87,99,0.94,overcast clouds
467,Banff,CA,51.1762,-115.5698,268.36,42,100,3.6,overcast clouds
468,Kautokeino,NO,69.0125,23.0412,260.5,94,37,1.05,scattered clouds
469,Sherbakul,RU,54.6316,72.3963,281.82,52,31,3.32,scattered clouds
470,Los Llanos De Aridane,ES,28.6585,-17.9182,290.01,83,20,7.2,few clouds
471,Vilhena,BR,-12.7406,-60.1458,296.27,94,75,2.06,broken clouds
472,Keti Bandar,PK,24.1447,67.4497,299.37,84,37,5.65,scattered clouds
473,Malakal,SS,9.5334,31.6605,303.85,42,95,0.81,overcast clouds
474,Okha,RU,53.5739,142.9478,271.32,72,34,3.68,scattered clouds
475,Cumaral,CO,4.2708,-73.4867,297.61,82,93,1.95,light rain
476,Vorozhba,UA,51.1733,34.2192,278.51,75,10,2.09,clear sky
477,Newport,GB,51.5877,-2.9984,285.75,85,100,2.2,overcast clouds
478,Senneterre,CA,48.3835,-77.2328,278.41,72,90,6.1,overcast clouds
479,Kralendijk,BQ,12.15,-68.2667,301.14,69,20,10.29,few clouds
480,Beloha,MG,-25.1667,45.05,296.87,79,84,2.51,broken clouds
481,Nuuk,GL,64.1835,-51.7216,268.49,68,75,7.72,broken clouds
482,Tungor,RU,53.3808,142.9564,271.98,68,40,3.44,scattered clouds
483,Sargur,IN,11.9833,76.4167,294.17,77,99,2.58,overcast clouds
484,Hearst,CA,49.6835,-83.6665,273.29,72,68,4.79,broken clouds
485,Bridlington,GB,54.0831,-0.1919,284.82,93,99,4.18,overcast clouds
486,Uromi,NG,6.7,6.3333,296.31,86,60,1.69,broken clouds
487,Bundaberg,AU,-24.85,152.35,294.94,75,16,4.63,few clouds
488,Phulji,PK,26.8825,67.6807,303.86,8,0,3.06,clear sky
489,Mecca,SA,21.4267,39.8261,300.06,47,16,1.05,few clouds
490,Sibolga,ID,1.7427,98.7792,297.82,88,90,1.27,overcast clouds
491,Brae,GB,60.3964,-1.353,279.25,80,100,4.3,overcast clouds
492,Dukat,RU,62.55,155.55,260.86,85,100,2.19,overcast clouds
493,Obo,CF,5.3998,26.4869,293.8,96,100,2.21,overcast clouds
494,Colac,AU,-38.3333,143.5833,289.72,54,100,2.42,light rain
495,Wajir,KE,1.7471,40.0573,299.57,74,96,4.5,overcast clouds
496,Athens,GR,37.9795,23.7162,288.24,53,0,0.89,clear sky
497,Pumiao,CN,22.75,108.4833,297.37,85,13,4.06,few clouds
498,Ayan,RU,56.45,138.1667,270.33,71,5,1.29,clear sky
499,Loandjili,CG,-4.7561,11.8578,298.77,88,100,1.19,overcast clouds
500,Bangolo,CI,7.0069,-7.475,295.07,94,94,0.22,overcast clouds
501,Anzio,IT,41.4853,12.6179,290.54,66,100,1.94,overcast clouds
502,Karacakoy,TR,41.4029,28.3834,282.97,58,2,1.08,clear sky
503,Sao Felix Do Xingu,BR,-6.6447,-51.995,296.9,94,89,1.24,overcast clouds
504,Mitsamiouli,KM,-11.3847,43.2844,300.75,77,48,3.69,scattered clouds
505,Waingapu,ID,-9.6567,120.2641,299.81,79,65,1.17,broken clouds
506,Santa Maria,BR,-29.6842,-53.8069,286.76,72,0,1.54,clear sky
507,Baruun-Urt,MN,46.6806,113.2792,273.72,32,4,4.25,clear sky
508,Savalou,BJ,7.9281,1.9756,298.79,82,92,2.32,overcast clouds
509,Ogulin,HR,45.2661,15.2286,280.15,74,58,2.29,broken clouds
510,Batticaloa,LK,7.7102,81.6924,299.37,86,69,1.97,broken clouds
511,Kharan,PK,28.5833,65.4167,297.38,9,3,2.08,clear sky
512,Naze,JP,28.3667,129.4833,294.66,88,7,5.81,clear sky
513,Rudbar,AF,30.15,62.6,298.49,12,11,0.51,few clouds
514,Sayyan,YE,15.1718,44.3244,287.65,43,11,1.42,few clouds
515,Jasper,US,37.2001,-94.3502,291.06,27,0,8.23,clear sky
516,Lata,PT,40.1629,-8.3327,282.85,94,1,0.7,clear sky
517,Kaveripattinam,IN,12.4207,78.2166,298.99,74,100,1.19,overcast clouds
518,Jalu,LY,29.0331,21.5482,294.99,20,60,9.28,broken clouds
519,Porto Nacional,BR,-10.7081,-48.4172,297.15,86,26,1.12,scattered clouds
520,Narsaq,GL,60.9167,-46.05,277.27,94,61,1.31,broken clouds
521,Praia,CV,14.9215,-23.5087,294.45,73,20,5.66,few clouds
522,Bristol,US,41.8334,-71.1662,289.43,72,75,2.24,broken clouds
523,Mount Gambier,AU,-37.8333,140.7667,286.1,76,100,3.09,overcast clouds
524,Warmbad,NA,-28.45,18.7333,288.53,65,100,6.15,overcast clouds
525,Ancona,IT,43.55,13.1667,286.4,82,100,1.54,overcast clouds
526,Fare,PF,-16.7,-151.0167,301.03,72,16,8.14,light rain
527,Palana,RU,59.1167,159.9667,267.9,94,100,4.85,light snow
528,Omboue,GA,-1.5746,9.2618,298.47,89,73,1.19,broken clouds
529,Bauchi,NG,10.5,10.0,300.95,50,95,3.87,overcast clouds
530,Lannion,FR,48.75,-3.4167,286.45,91,100,3.09,fog
531,Ferrol,ES,43.4832,-8.2369,286.3,82,1,1.92,clear sky
532,Maarianhamina,AX,60.0973,19.9348,276.07,87,75,3.6,broken clouds
533,Santa Isabel,BR,-23.3156,-46.2214,292.76,97,100,2.55,overcast clouds
534,Gat,IL,31.61,34.7642,288.93,69,0,1.98,clear sky
535,Pitimbu,BR,-7.4706,-34.8086,300.48,76,28,5.36,scattered clouds
536,Zhezkazgan,KZ,47.8043,67.7144,286.06,34,1,3.77,clear sky
537,Svilajnac,RS,44.2337,21.1967,283.03,62,0,1.98,clear sky
538,Almenara,BR,-16.1836,-40.6944,299.02,72,81,1.39,light rain
539,Finschhafen,PG,-6.6024,147.8681,302.21,70,35,2.1,scattered clouds
540,Auki,SB,-8.7676,160.7034,302.37,65,86,1.73,overcast clouds
541,Camargo,MX,27.6667,-105.1667,302.61,8,33,2.12,scattered clouds
542,Murfreesboro,US,35.8456,-86.3903,293.1,33,0,0.0,clear sky
543,Cap Malheureux,MU,-19.9842,57.6142,298.97,75,22,4.02,few clouds
544,Campbell River,CA,50.0163,-125.2446,285.15,24,75,4.12,broken clouds
545,Yerofey Pavlovich,RU,53.9667,121.9667,271.99,65,100,1.9,overcast clouds
546,Waipawa,NZ,-41.4122,175.5153,286.19,53,35,1.44,scattered clouds
547,Sao Domingos,BR,-13.3983,-46.3183,295.65,80,100,1.39,moderate rain
548,Onguday,RU,50.75,86.15,273.1,62,0,1.89,clear sky
549,Sao Luis Do Quitunde,BR,-9.3183,-35.5611,299.84,80,12,3.36,few clouds
550,Bukoba,TZ,-1.3317,31.8122,293.02,87,97,2.19,moderate rain
551,Grand Baie,MU,-20.0182,57.5802,298.96,75,19,4.02,few clouds
552,Les Cayes,HT,18.2,-73.75,298.93,75,8,4.23,clear sky
553,Luanda,AO,-8.8368,13.2343,298.43,89,100,2.77,overcast clouds
554,Amapa,BR,1.0,-52.0,296.28,99,99,1.44,very heavy rain
555,Burnie,AU,-41.0667,145.9167,289.77,87,100,3.94,overcast clouds
556,Berezovyy,RU,51.6667,135.7,272.01,74,70,2.98,broken clouds
557,Buraydah,SA,26.326,43.975,298.4,45,100,8.95,overcast clouds
558,Natchitoches,US,31.7668,-93.1335,299.62,33,0,2.57,clear sky
559,Bria,CF,6.5423,21.9863,295.07,90,100,2.04,overcast clouds
560,Abu Samrah,SY,35.3029,37.1841,284.97,33,0,2.34,clear sky
561,Veraval,IN,20.9,70.3667,299.54,74,0,5.48,clear sky
562,Tambun,ID,-6.2641,107.0712,299.09,86,92,1.67,overcast clouds
563,Tandur,IN,17.2333,77.5833,303.49,33,99,4.38,overcast clouds
564,Hambantota,LK,6.1241,81.1185,299.55,85,98,3.3,overcast clouds
565,Innisfail,AU,-17.5333,146.0333,297.7,81,100,4.7,overcast clouds
566,Biltine,TD,14.5333,20.9167,302.9,7,67,5.99,broken clouds
567,Plettenberg Bay,ZA,-34.0527,23.3716,288.29,87,100,4.65,light rain
568,Antalaha,MG,-14.9003,50.2788,297.12,89,13,2.78,few clouds
569,Lakes Entrance,AU,-37.8811,147.981,290.67,59,76,2.76,broken clouds
570,Taree,AU,-31.9,152.4667,292.1,100,40,3.09,scattered clouds
571,Kandrian,PG,-6.2167,149.55,300.69,81,91,1.13,light rain
572,Ambon,ID,-3.6954,128.1814,298.23,94,40,2.06,scattered clouds
573,Longmont,US,40.1672,-105.1019,289.71,19,0,10.8,haze
574,San Carlos De Bariloche,AR,-41.1456,-71.3082,292.01,22,0,3.09,clear sky
575,Sao Cristovao,BR,-11.0147,-37.2064,302.1,74,0,5.14,clear sky
576,Fort Nelson,CA,58.8053,-122.7002,273.92,21,0,0.0,clear sky
577,Bunia,CD,1.5667,30.25,290.03,98,100,1.71,light rain
578,Bilibino,RU,68.0546,166.4372,268.71,85,72,1.98,broken clouds
579,Geraldton,AU,-28.7667,114.6,291.38,72,0,4.63,clear sky
580,Mikhaylovka,RU,50.06,43.2379,281.36,89,100,5.24,overcast clouds
581,Rio Grande,BR,-32.035,-52.0986,290.21,62,1,6.62,clear sky
582,Kharitonovo,RU,61.4009,47.4978,271.86,90,100,2.18,overcast clouds
583,Goderich,CA,43.7501,-81.7165,282.54,49,62,8.23,broken clouds
584,Lyngseidet,NO,69.5763,20.2189,274.15,89,98,2.18,overcast clouds
585,Kuala Terengganu,MY,5.3302,103.1408,299.12,94,20,1.54,few clouds
586,Ovsyanka,RU,55.9575,92.5519,268.83,85,27,1.71,scattered clouds
587,Cariamanga,EC,-4.3333,-79.55,287.08,93,89,1.13,light rain
588,Roncesvalles,CO,4.0108,-75.6049,286.38,94,80,0.52,broken clouds
589,Vitim,RU,59.4511,112.5578,271.91,91,96,4.96,overcast clouds
590,Zhuhai,CN,22.2769,113.5678,297.51,83,40,4.63,scattered clouds
591,Naushki,RU,50.3828,106.1056,273.1,46,0,2.09,clear sky
592,Gazanjyk,TM,39.2446,55.5154,287.47,56,90,3.67,overcast clouds
593,Arrifes,PT,37.7667,-25.7,289.29,88,75,4.63,broken clouds
594,Magadi,IN,12.9667,77.2333,295.29,75,100,2.65,overcast clouds
595,Kedgwick,CA,47.6446,-67.3434,276.92,96,100,3.31,moderate rain
596,Port Lincoln,AU,-34.7333,135.8667,292.71,80,10,3.64,clear sky
597,Phonhong,LA,18.5007,102.4166,298.29,55,39,1.06,scattered clouds
598,Maridi,SS,4.9158,29.4742,293.51,92,100,3.57,light rain
599,Atar,MR,20.5169,-13.0499,297.89,23,0,3.42,clear sky
600,Anadyr,RU,64.75,177.4833,273.43,93,75,10.0,light snow
601,Raubling,DE,47.7905,12.1109,288.49,75,100,1.28,overcast clouds
602,Pustoshka,RU,56.3355,29.369,280.47,78,100,1.08,overcast clouds
603,Mahon,ES,39.8885,4.2658,287.46,82,0,5.66,clear sky
604,Nagato,JP,34.3833,131.2,286.59,87,100,10.26,overcast clouds
605,Oussouye,SN,12.485,-16.5469,295.25,79,9,4.19,clear sky
606,Daru,PG,-9.0763,143.2092,301.67,76,66,2.01,broken clouds
607,South Yuba City,US,39.1166,-121.6391,287.09,92,100,8.75,light rain
608,Tarabha,IN,20.7333,83.65,301.97,45,69,2.87,broken clouds
609,Chumikan,RU,54.7183,135.315,269.9,82,67,5.96,broken clouds
610,Zdvinsk,RU,54.7021,78.661,278.26,68,40,1.8,scattered clouds
611,Nalut,LY,30.3333,10.85,294.03,32,100,7.4,overcast clouds
612,Sao Joao Da Barra,BR,-21.6403,-41.0511,297.36,89,84,5.58,broken clouds
613,Hit,IQ,33.6416,42.8251,289.98,21,16,5.1,few clouds
614,Linkoping,SE,58.4109,15.6216,278.36,94,100,4.63,light intensity drizzle
615,Bilma,NE,18.6853,12.9164,304.0,8,38,4.53,scattered clouds
616,Jinhua,CN,29.1078,119.6547,287.46,90,100,1.3,overcast clouds
617,Bizhbulyak,RU,53.6967,54.2642,278.78,84,72,7.77,broken clouds
618,Kostomuksha,RU,64.571,30.5767,272.65,98,100,3.04,light snow
619,Norden,DE,53.6,7.2,281.48,79,81,5.4,broken clouds
620,Uspenskaya,RU,45.7645,41.067,279.35,89,100,5.62,overcast clouds
621,Poltavka,RU,54.3663,71.7632,282.0,49,27,3.43,scattered clouds
622,Caraballeda,VE,10.6112,-66.8522,302.19,74,20,1.03,few clouds
623,Pangkalanbuun,ID,-2.6833,111.6167,297.11,92,100,0.44,overcast clouds
624,Sirjan,IR,29.452,55.6814,292.12,31,100,3.21,overcast clouds
625,Churapcha,RU,62.0025,132.4325,269.69,85,100,4.74,overcast clouds
626,Benguela,AO,-12.5763,13.4055,298.15,87,92,1.05,overcast clouds
627,Kundgol,IN,15.25,75.25,297.02,83,96,4.17,overcast clouds
628,Lasa,IT,46.6166,10.7002,286.64,84,21,1.16,few clouds
629,Kamaishi,JP,39.2667,141.8833,278.94,95,100,4.08,overcast clouds
630,Khasan,RU,42.4308,130.6434,278.5,58,48,1.52,scattered clouds
631,Tshikapa,CD,-6.4167,20.8,294.51,97,100,0.95,light rain
632,Suhbaatar,MN,50.2314,106.2078,272.89,47,0,2.32,clear sky
633,Maragogi,BR,-9.0122,-35.2225,299.64,77,12,4.5,few clouds
634,Hanna,CA,51.6334,-111.9018,269.18,60,100,5.81,overcast clouds
635,Tianpeng,CN,30.9866,103.9393,285.41,96,100,3.66,moderate rain
636,Loiza,PR,18.4313,-65.8802,300.15,81,40,7.2,scattered clouds
637,Valparaiso,CL,-33.0393,-71.6273,287.86,79,75,4.12,broken clouds
638,Kismayo,SO,-0.3582,42.5454,301.21,80,72,5.03,broken clouds
639,Rio Gallegos,AR,-51.6226,-69.2181,287.18,54,40,1.03,scattered clouds
640,Sai Buri,TH,6.7013,101.6168,299.8,89,90,1.93,overcast clouds
641,Terney,RU,45.0503,136.6092,279.79,56,1,0.99,clear sky
642,Atbasar,KZ,51.8,68.3333,282.97,49,14,3.13,few clouds
643,Quatre Cocos,MU,-20.2078,57.7625,298.76,79,68,8.07,broken clouds
644,Barranca,PE,-10.75,-77.7667,292.78,82,23,4.85,few clouds
645,Maniitsoq,GL,65.4167,-52.9,265.24,67,51,6.56,broken clouds
646,Clarence Town,AU,-32.5833,151.7833,292.51,77,36,0.97,scattered clouds
647,Port Macquarie,AU,-31.4333,152.9167,292.53,72,43,1.63,scattered clouds
648,Krasnyye Barrikady,RU,46.2045,47.8535,279.13,81,0,2.0,clear sky
649,San Vicente,AR,-26.6167,-54.1333,285.88,79,0,1.99,clear sky
650,Bereda,ES,43.2686,-7.5406,282.67,100,8,0.89,clear sky
651,Kungurtug,RU,50.5994,97.5228,260.9,89,16,1.18,few clouds
652,Altamira,BR,-3.2033,-52.2064,297.07,96,92,1.12,overcast clouds
653,Sant Julia De Loria,AD,42.4625,1.4825,284.32,77,96,2.67,overcast clouds
654,La Ronge,CA,55.1001,-105.2842,268.29,36,100,6.69,overcast clouds
655,Mugla,TR,37.2303,28.3557,279.69,51,1,2.04,clear sky
656,Opuwo,NA,-18.0607,13.84,292.66,51,12,1.41,few clouds
657,Tabou,CI,4.423,-7.3528,300.28,84,92,3.74,light rain
658,Deputatskiy,RU,69.3,139.9,255.3,96,95,0.52,overcast clouds
659,Hurghada,EG,27.2574,33.8129,294.17,28,0,6.17,clear sky
660,Ortakoy,TR,38.7373,34.0387,275.29,62,7,1.06,clear sky
661,Tralee,IE,52.2704,-9.7026,284.52,96,98,3.04,overcast clouds
662,Qasigiannguit,GL,68.8193,-51.1922,262.29,95,79,1.65,broken clouds
663,Luwuk,ID,-0.9516,122.7875,299.83,80,100,0.81,overcast clouds
664,Labytnangi,RU,66.6572,66.4183,267.45,82,50,6.54,scattered clouds
665,Santa Rosa,PH,14.3122,121.1114,300.38,77,50,0.69,scattered clouds
666,Qobustan,AZ,40.0824,49.412,284.26,40,97,4.48,overcast clouds
667,Liepaja,LV,56.5419,21.0367,278.14,100,100,2.57,overcast clouds
668,Penarroya-Pueblonuevo,ES,38.3,-5.2667,287.84,70,56,1.25,broken clouds
669,Steinbach,DE,50.1667,8.5667,286.14,83,0,1.03,clear sky
670,Rorvik,NO,64.8621,11.2373,276.99,73,18,3.54,few clouds
671,Huanren,CN,41.2647,125.3667,281.05,49,39,2.26,scattered clouds
672,Karratha,AU,-20.7377,116.8463,303.75,28,64,7.24,broken clouds
673,Ipixuna,BR,-1.7625,-48.8043,297.53,95,93,1.69,overcast clouds
674,Mmathubudukwane,BW,-24.6,26.4333,292.35,54,0,1.55,clear sky
675,Barcelona,ES,41.3888,2.159,291.41,61,20,2.57,few clouds
676,Selizharovo,RU,56.8519,33.4487,275.88,90,100,1.19,overcast clouds
677,Esna,EG,25.2934,32.554,295.16,15,0,4.28,clear sky
678,Belmonte,BR,-15.8631,-38.8828,300.09,83,7,4.67,clear sky
679,Shymkent,KZ,42.3,69.6,287.48,63,0,3.0,clear sky
680,Gobabis,NA,-22.45,18.9667,293.76,29,85,4.93,overcast clouds
681,Bandarbeyla,SO,9.4942,50.8122,299.82,84,13,2.04,few clouds
682,Isangel,VU,-19.55,169.2667,301.7,74,88,5.75,overcast clouds
683,Muyezerskiy,RU,63.9333,31.65,272.73,97,100,2.22,snow
684,Chakradharpur,IN,22.7,85.6333,302.47,30,91,2.45,overcast clouds
685,Saint-Pierre,RE,-21.3393,55.4781,298.97,79,100,10.29,overcast clouds
686,Grand-Lahou,CI,5.1367,-5.0242,300.03,87,78,3.79,moderate rain
687,Casma,CL,-41.0082,-73.1244,289.75,97,0,1.23,clear sky
688,Lucea,JM,18.451,-78.1736,301.07,74,30,1.76,scattered clouds
689,Roald,NO,62.5833,6.1333,279.12,81,0,3.09,clear sky
690,Lazaro Cardenas,MX,17.9583,-102.2,300.37,63,100,4.38,overcast clouds
